,Company Name,TrustScore Rating,Total Reviews,Category Description,Extraction Date
1,Indigo Herbs,4.9,"18,355",Herb shop·Fitness and nutrition·Health food shop·Herbalist,2022-04-03
2,UK Juicers,4.9,"8,115",Fitness and nutrition·Appliance shop·Kitchen supply shop,2022-04-03
3,Pharma Nord UK,4.9,"6,901",Skin care clinic·Fitness and nutrition·Pharmacy·Wellness centre,2022-04-03
4,Slim & Save,4.9,"5,996",Fitness and nutrition·Vitamin & Supplements Shop·Weight-Loss Service,2022-04-03
5,Peak Supps,4.9,"4,996",Fitness and nutrition,2022-04-03
6,Real Foods,4.9,"4,110",Fitness and nutrition·Online good ordering service·Pharmacy,2022-04-03
7,Evolution Organics,4.9,"3,008",Fitness and nutrition·Beauty product supplier·Vitamin & Supplements Shop,2022-04-03
8,Sealions,4.9,"2,779",Vitamin & Supplements Shop·Fitness and nutrition,2022-04-03
9,Food Circle Supermarket,4.9,"2,735",Fitness and nutrition,2022-04-03
10,XMiles UK Ltd,4.9,"2,585",Running Shop·Bike accessories store·Fitness and nutrition,2022-04-03
11,CBD Asylum,4.9,"2,558",Vitamin & Supplements Shop·Fitness and nutrition·Herbalist,2022-04-03
12,Lewtress,4.9,"2,460",Fitness and nutrition,2022-04-03
13,The Six Pack Revolution,4.9,"2,328",Fitness and nutrition·Physical Fitness Programme,2022-04-03
14,NVS Pharmacy,4.9,"1,997",Hair product shop·Fitness and nutrition·Pharmacy·Skin care clinic,2022-04-03
15,Hey Nutrition,4.9,"1,954",Vitamin & Supplements Shop·Fitness and nutrition·Health and beauty shop,2022-04-03
16,Achilles Heel,4.9,"1,731",Running Shop·Activewear shop·Fitness and nutrition·Exercise Equipment Shop,2022-04-03
17,Rawsport.com,4.9,"1,653",Fitness and nutrition,2022-04-03
18,Quintessential Tips CBD Oil Supermarket UK,4.9,"1,646",Fitness and nutrition·Cosmetics shop·Vitamin & Supplements Shop,2022-04-03
19,Origym,4.9,"1,544",Fitness and nutrition,2022-04-03
20,Fabulous Planning Stationery Ltd,4.9,"1,206",Stationery Shop·Fitness and nutrition·Stationery manufacturer,2022-04-03
21,MUSCLEFORM,4.9,"1,035",Fitness and nutrition,2022-04-03
22,FitCookie™,4.9,738,Vitamin & Supplements Shop·Fitness and nutrition·Health and beauty shop,2022-04-03
23,Flora Fusion CBD,4.9,731,Fitness and nutrition,2022-04-03
24,Energy Snacks,4.9,719,Fitness and nutrition,2022-04-03
25,Together Health,4.9,685,Fitness and nutrition,2022-04-03
26,The High Protein Handbook,4.9,599,Fitness and nutrition·Nutritionist·Weight-Loss Service,2022-04-03
27,Bristol CBD,4.9,596,Fitness and nutrition,2022-04-03
28,Silverback Gymwear,4.9,569,Fitness and nutrition,2022-04-03
29,NAD Lab UK & EU,4.9,530,Fitness and nutrition·Vitamin & Supplements Shop,2022-04-03
30,Treasure Your Health,4.9,509,Vitamin & Supplements Shop·Fitness and nutrition,2022-04-03
31,Harrogate Organics Company,4.9,486,Aromatherapy Supply Shop·Beauty supply store·Fitness and nutrition,2022-04-03
32,Nutracheck,4.9,432,Weight-Loss Service·Fitness and nutrition,2022-04-03
33,WHEYD,4.9,432,Fitness and nutrition·Food products supplier,2022-04-03
34,Ethical Nutrition Co,4.9,418,Vitamin & Supplements Shop·Fitness and nutrition·Health food shop,2022-04-03
35,TentMeals,4.9,361,Online good ordering service·Camping Shop·Climbing club·Fitness and nutrition,2022-04-03
36,Study Active,4.9,359,Fitness and nutrition,2022-04-03
37,The Tonic,4.9,358,Vitamin & Supplements Shop·Fitness and nutrition·Tea Shop,2022-04-03
38,TRKG Healthy Living,4.9,311,Fitness and nutrition,2022-04-03
39,Movement For Modern Life,4.9,301,Fitness and nutrition,2022-04-03
40,Yaffa Ltd,4.9,222,Fitness and nutrition,2022-04-03
41,City Dance Parties,4.9,210,Event management company·Fitness and nutrition·Wedding service,2022-04-03
42,Daiba Organic,4.9,176,Fitness and nutrition,2022-04-03
43,My Vital Metrics,4.9,167,Fitness and nutrition,2022-04-03
44,Zenhealthcare,4.9,151,Pharmacy·Fitness and nutrition·Home Care Service·Wellness centre,2022-04-03
45,WholyMe,4.9,139,Fitness and nutrition,2022-04-03
46,AmaVida,4.9,104,Health food shop·Fitness and nutrition·Food producer·Frozen food store,2022-04-03
47,Our Retreat,4.9,91,Fitness and nutrition·Ski holidays·Yoga Retreat Centre,2022-04-03
48,Power Athlete,4.9,87,Fitness and nutrition·Pharmacy,2022-04-03
49,Setyl Infusions,4.9,86,Vitamin & Supplements Shop·Fitness and nutrition·Health food shop,2022-04-03
50,Coached By GLJ,4.9,64,Personal Trainer·Fitness and nutrition·Physical Fitness Programme,2022-04-03
51,Simply Supplements,4.8,"51,042",Fitness and nutrition,2022-04-03
52,SportPursuit,4.8,"33,896",Fitness and nutrition·Activewear shop·Bike accessories store,2022-04-03
53,Naturesbest,4.8,"30,177",Fitness and nutrition,2022-04-03
54,Higher Nature,4.8,"16,410",Fitness and nutrition,2022-04-03
55,Maximuscle,4.8,"11,642",Fitness and nutrition,2022-04-03
56,Discount Supplements,4.8,"11,367",Fitness and nutrition,2022-04-03
57,The New You Plan,4.8,"11,167",Fitness and nutrition,2022-04-03
58,Nutri Advanced,4.8,"6,134",Fitness and nutrition,2022-04-03
59,Oxford Vitality,4.8,"4,866",Fitness and nutrition,2022-04-03
60,BioCare,4.8,"4,482",Vitamin & Supplements Shop·Fitness and nutrition,2022-04-03
61,Physical Company,4.8,"4,476",Exercise Equipment Shop·Fitness and nutrition·Fitness Equipment Wholesaler,2022-04-03
62,FRESHLY FERMENTED LTD,4.8,"4,210",Health food shop·Fitness and nutrition,2022-04-03
63,FutureYou Cambridge,4.8,"3,980",Vitamin & Supplements Shop·Fitness and nutrition,2022-04-03
64,Lamberts Healthcare,4.8,"3,197",Fitness and nutrition,2022-04-03
65,TEAM RH,4.8,"2,855",Nutritionist·Fitness and nutrition·Weight-Loss Service·Wellness Programme,2022-04-03
66,Schwabe Pharma (UK) Ltd,4.8,"1,693",Fitness and nutrition,2022-04-03
67,Quickvit Health Store,4.8,"1,633",Fitness and nutrition·Health food shop·Natural Foods Shop,2022-04-03
68,Puresport,4.8,"1,584",Fitness and nutrition·Health and beauty shop·Health food shop,2022-04-03
69,THECBDSHOP.CO.UK,4.8,"1,356",Fitness and nutrition,2022-04-03
70,PT Academy,4.8,"1,074",Fitness and nutrition,2022-04-03
71,Naturesupplies,4.8,"1,001",Fitness and nutrition·Pharmacy·Skin care clinic·Wellness centre,2022-04-03
72,Fruitflow® Plus,4.8,"1,000",Fitness and nutrition,2022-04-03
73,Bigvits,4.8,965,Fitness and nutrition·Vitamin & Supplements Shop,2022-04-03
74,Amma Life,4.8,813,Vitamin & Supplements Shop·Fitness and nutrition·Health and beauty shop,2022-04-03
75,Hemp Botanics,4.8,809,Vitamin & Supplements Shop·Fitness and nutrition·Herbal Medicine Shop,2022-04-03
76,Nutribuddy,4.8,632,Fitness and nutrition,2022-04-03
77,Erbology,4.8,491,Organic Food Shop·Fitness and nutrition·Gourmet Grocery Shop,2022-04-03
78,Composelimited,4.8,459,Fitness and nutrition,2022-04-03
79,Holistic Hemp Scotland,4.8,449,Herbal Medicine Shop·Cannabis shop·Fitness and nutrition,2022-04-03
80,Brainzyme,4.8,432,Fitness and nutrition,2022-04-03
81,UK Steroids Shop,4.8,412,Vitamin & Supplements Shop·Fitness and nutrition,2022-04-03
82,Youth Sport Nutrition,4.8,392,Fitness and nutrition,2022-04-03
83,The 30 Day High Protein Fat Loss Challenge,4.8,373,Weight-Loss Service·Fitness and nutrition·Nutritionist,2022-04-03
84,Applied Nutrition,4.8,370,Fitness and nutrition,2022-04-03
85,LVWell CBD,4.8,336,Vitamin & Supplements Shop·Fitness and nutrition·Herbal Medicine Shop,2022-04-03
86,Xendurance,4.8,324,Fitness and nutrition·Vitamin & Supplements Shop,2022-04-03
87,UK SARMs - The UK & Europe's #1 SARMs Supplier,4.8,320,Vitamin & Supplements Shop·Fitness and nutrition,2022-04-03
88,Turtle Method™,4.8,314,Fitness and nutrition·Mental Health Services·Nutritionist·Vitamin & Supplements Shop,2022-04-03
89,Crossthelimits,4.8,306,Sports Nutrition Shop·Fitness and nutrition·Gym·Herb shop,2022-04-03
90,Awesome Supplements,4.8,302,Vitamin & Supplements Shop·Fitness and nutrition,2022-04-03
91,Fuel Hub,4.8,246,Meal Delivery·Caterer·Fitness and nutrition·Health food restaurant,2022-04-03
92,Braingain,4.8,232,Fitness and nutrition,2022-04-03
93,Aph Science,4.8,205,Vitamin & Supplements Shop·Fitness and nutrition·Physical Fitness Programme,2022-04-03
94,Feel Supreme,4.8,177,Vitamin & Supplements Shop·Fitness and nutrition·Health and beauty shop,2022-04-03
95,Neuff,4.8,165,Sporting Goods Shop·Fitness and nutrition·Outdoor sports shop,2022-04-03
96,Food4Thoughts,4.8,145,Fitness and nutrition,2022-04-03
97,Weight Loss Resources,4.8,138,Fitness and nutrition·Weight-Loss Service,2022-04-03
98,dietly,4.8,117,Health food shop·Fitness and nutrition·Grocery Store·Natural Foods Shop,2022-04-03
99,VOOM Nutrition,4.8,112,Fitness and nutrition·Health food shop·Natural Foods Shop·Sports Nutrition Shop,2022-04-03
100,Hemporium CBD,4.8,104,Vitamin & Supplements Shop·Cannabis shop·Fitness and nutrition,2022-04-03
101,Resilient Nutrition,4.8,90,Fitness and nutrition·Sports Nutrition Shop,2022-04-03
102,UK CBD Oils - Full Spectrum CBD,4.8,83,Fitness and nutrition·Health food shop,2022-04-03
103,Tempo Tea Bar,4.8,80,Bubble tea store·Fitness and nutrition·Tea Shop,2022-04-03
104,Arktis Naturals,4.8,77,Fitness and nutrition·Health and beauty shop·Health food shop,2022-04-03
105,CoccoMio,4.8,68,Health food shop·Fitness and nutrition·Gym·Pregnancy care centre,2022-04-03
106,Masha's Peaches,4.8,65,Fitness and nutrition·Personal Trainer·Women's Personal Trainer,2022-04-03
107,FitnessWithKeisha,4.8,64,Personal Trainer·Fitness and nutrition·Fitness centre·Physical Fitness Programme,2022-04-03
108,Fitpro Recipes,4.8,63,Fitness and nutrition,2022-04-03
109,IronManager,4.8,51,Fitness and nutrition,2022-04-03
110,Purify4Life,4.8,49,Fitness and nutrition,2022-04-03
111,Training by Meg,4.8,49,Fitness and nutrition,2022-04-03
112,We Run: The UK's Local Running Coach,4.8,49,Fitness and nutrition·Personal Trainer·Running Club,2022-04-03
113,Supplement King,4.8,47,Vitamin & Supplements Shop·Fitness and nutrition·Health food shop,2022-04-03
114,Mammal Strength,4.8,41,Fitness and nutrition·E-commerce service,2022-04-03
115,Jmtransformations,4.8,37,Fitness and nutrition,2022-04-03
116,Pharmacy First,4.7,"38,822",Pharmacy·Cosmetics shop·Fitness and nutrition·Skin care clinic,2022-04-03
117,Wiltshire Farm Foods,4.7,"34,515",Online good ordering service·Fitness and nutrition,2022-04-03
118,Vitabiotics,4.7,"20,803",Wellness centre·Fitness and nutrition,2022-04-03
119,Sweatband,4.7,"18,679",Fitness and nutrition,2022-04-03
120,Primal Living,4.7,"5,067",Fitness and nutrition,2022-04-03
121,Second Nature,4.7,"4,468",Fitness and nutrition·Nutritionist·Weight-Loss Service·Wellness Programme,2022-04-03
122,myvitamins,4.7,"4,100",Fitness and nutrition·Wellness centre,2022-04-03
123,Juice Master,4.7,"2,482",Fitness and nutrition,2022-04-03
124,DR.VEGAN,4.7,"2,443",Fitness and nutrition·Vitamin & Supplements Shop,2022-04-03
125,SCI-MX,4.7,"2,244",Fitness and nutrition,2022-04-03
126,Reflex Nutrition,4.7,"1,958",Fitness and nutrition,2022-04-03
127,Blackburn Distributions,4.7,"1,674",Fitness and nutrition,2022-04-03
128,Nutri Drinks,4.7,"1,493",Fitness and nutrition,2022-04-03
129,Love Life Supplements,4.7,"1,371",Fitness and nutrition,2022-04-03
130,Shop4Body.com,4.7,"1,267",Wellness centre·Barber Supply Shop·Fitness and nutrition·,2022-04-03
131,KITBOX,4.7,"1,133",Fitness and nutrition,2022-04-03
132,TRIBE,4.7,"1,064",Fitness and nutrition,2022-04-03
133,Power Health Products Ltd,4.7,945,Health food shop·Fitness and nutrition·Health and beauty shop,2022-04-03
134,Gold Standard Nutrition,4.7,903,Food products supplier·Fitness and nutrition·Frozen food store,2022-04-03
135,SMUG Supplements,4.7,788,Vitamin & Supplements Shop·Beauty product supplier·Fitness and nutrition,2022-04-03
136,Nature's Way,4.7,781,Fitness and nutrition,2022-04-03
137,Natures Aid,4.7,747,Vitamin & Supplements Shop·Fitness and nutrition·Herbal Medicine Shop,2022-04-03
138,Future Fit Training,4.7,689,Educational institution·Career and Education Provider·Fitness and nutrition,2022-04-03
139,Primalstrength,4.7,535,Fitness Equipment Wholesaler·Fitness and nutrition,2022-04-03
140,Teamwarrior,4.7,520,Sports Nutrition Shop·Fitness and nutrition,2022-04-03
141,TheDrug.Store,4.7,514,Vitamin & Supplements Shop·Fitness and nutrition·Health and beauty shop,2022-04-03
142,Body and Mind Studio International™,4.7,480,Vitamin & Supplements Shop·Cosmetics shop·Fitness and nutrition,2022-04-03
143,Club Vits Ltd.,4.7,476,Vitamin & Supplements Shop·Fitness and nutrition,2022-04-03
144,Perfect Body Shape,4.7,407,Fitness and nutrition·Sports Nutrition Shop·Vitamin & Supplements Shop,2022-04-03
145,Purolabs,4.7,383,Vitamin & Supplements Shop·Fitness and nutrition·Health and beauty shop,2022-04-03
146,Hashmats Health,4.7,361,Vitamin & Supplements Shop·Fitness and nutrition·Health food shop,2022-04-03
147,E-Sports Nutrition,4.7,331,Fitness and nutrition,2022-04-03
148,Mission,4.7,310,Fitness and nutrition·Herbalist·Tea Shop·Vitamin & Supplements Shop,2022-04-03
149,Manic Muscle Labs & Advanced Muscle Nutrition Limited,4.7,225,Fitness and nutrition,2022-04-03
150,B.Fresh,4.7,174,Fitness and nutrition·Juice bar,2022-04-03
151,cbdoiluk.com,4.7,144,Fitness and nutrition,2022-04-03
152,GÂTO,4.7,142,Confectionery·Bakery·Chocolate shop·Biscuit Shop·Dessert shop,2022-04-03
153,Positive Science People,4.7,101,Fitness and nutrition,2022-04-03
154,Winny's Kitchen,4.7,92,Meal Delivery·Fitness and nutrition·Health food shop·Online good ordering service,2022-04-03
155,Red Eyez,4.7,88,Pharmacy·Fitness and nutrition·Health and beauty shop·Online Pharmacy,2022-04-03
156,Helios Retreats,4.7,85,Wellness centre·Fitness and nutrition·Fitness centre·Yoga Retreat Centre,2022-04-03
157,White Balance Nutrition Ltd,4.7,75,Vitamin & Supplements Shop·Fitness and nutrition,2022-04-03
158,Gymspec,4.7,60,Fitness Equipment Wholesaler·Boxing Gym·Fitness and nutrition,2022-04-03
159,Biowavego,4.7,56,Medical supply store·Fitness and nutrition·Health consultant,2022-04-03
160,BattleBites,4.7,52,Fitness and nutrition·Health food shop·Vitamin & Supplements Shop,2022-04-03
161,Camden Town CBD,4.7,48,Fitness and nutrition·Vaporiser shop,2022-04-03
162,Purelogicol,4.7,47,Vitamin & Supplements Shop·Fitness and nutrition·Health and beauty shop,2022-04-03
163,The Body Transformation Plan,4.7,44,Fitness and nutrition,2022-04-03
164,Prolife Distribution,4.7,40,Fitness and nutrition·Distribution Service·Wholesaler,2022-04-03
165,Neuff Red,4.7,38,Sporting Goods Shop·Bicycle Shop·Fitness and nutrition·,2022-04-03
166,My Indica Beauty,4.7,37,Health and beauty shop·Fitness and nutrition·Sports Nutrition Shop,2022-04-03
167,AK Active,4.7,36,Fitness and nutrition·Fitness Class·Gym·Weight-Loss Service,2022-04-03
168,Feel Electric EMS,4.7,35,Fitness centre·Fitness and nutrition·Gym·Weight-Loss Service,2022-04-03
169,slumbar.co.uk,4.7,32,Online marketplace·Bedding Shop·Fitness and nutrition,2022-04-03
170,Skinnylabs,4.7,26,Weight-Loss Service·Fitness and nutrition·Vitamin & Supplements Shop,2022-04-03
171,London Pilates Academy,4.7,25,Education Centre·Career and Education Provider·Educational institution,2022-04-03
